crime_rate,ZN,INDUS,room_num,age,RAD,TAX,PTRATIO,B,poor_prep,price,avg_dist,sold
0.006300112548479956,18.0,2.31,6.575,65.2,lake,296,15.3,396.9,4.98,24.0,2.314,0
0.026943735447546132,0.0,7.07,6.421,78.9,lake,242,17.8,396.9,9.14,21.6,2.7180500000000003,0
0.026924266937860014,0.0,7.07,7.185,61.1,lake,242,17.8,392.83,4.03,34.7,2.7180500000000003,0
0.0318571299356596,0.0,2.18,6.9979999999999976,45.8,river,222,18.7,394.63,2.94,33.4,3.2601,0
0.06677040363385242,0.0,2.18,7.147,54.2,river,222,18.7,396.9,12.715432098765431,36.2,3.2601,0
0.02941316056834955,0.0,2.18,6.43,58.7,river,222,18.7,394.12,5.21,28.7,3.2601,0
0.08460765703482563,12.5,7.87,6.0120000000000005,66.6,lake,311,15.2,395.6,12.43,22.9,3.04225,0
0.1350115466558769,12.5,7.87,6.1720000000000015,96.1,lake,311,15.2,396.9,19.15,27.1,3.23725,0
0.19164462825480608,12.5,7.87,5.631,100.0,lake,311,15.2,386.63,29.93,16.5,3.30305,0
0.15703793625945522,12.5,7.87,6.004,85.9,lake,311,15.2,386.71,17.1,18.9,3.55805,0
0.20285104404642806,12.5,7.87,6.377000000000002,94.3,lake,311,15.2,392.52,20.45,15.0,3.43535,0
0.11106720150765234,12.5,7.87,6.009,82.9,lake,311,15.2,396.9,13.27,18.9,3.37535,0
0.0896395868849593,12.5,7.87,5.8889999999999985,39.0,lake,311,15.2,390.5,15.71,21.7,2.98745,0
0.4884327647141028,0.0,8.14,5.949,61.8,river,307,21.0,396.9,8.26,20.4,2.62275,0
0.493451565108284,0.0,8.14,6.096,84.5,river,307,21.0,380.02,10.26,18.2,2.49995,0
0.4869775044907407,0.0,8.14,5.834,56.5,river,307,21.0,395.62,8.47,19.9,2.5183,0
0.7197550310814291,0.0,8.14,5.935,29.3,river,307,21.0,386.85,6.58,23.1,2.5183,0
0.5789701354975461,0.0,8.14,5.99,81.7,river,307,21.0,386.75,14.67,17.5,2.39795,0
0.5892910882451726,0.0,8.14,5.456,36.6,river,307,21.0,288.99,11.69,20.2,2.16725,0
0.5456907110920701,0.0,8.14,5.727,69.5,river,307,21.0,390.95,11.28,18.2,2.16725,0
0.8117254554853012,0.0,8.14,5.57,98.1,river,307,21.0,376.57,21.02,13.6,2.16795,0
0.6162877342628865,0.0,8.14,5.965,89.2,river,307,21.0,392.53,13.83,19.6,2.27515,0
0.8031085958282844,0.0,8.14,6.142,91.7,river,307,21.0,396.9,18.72,15.2,2.25745,0
0.6873453826321089,0.0,8.14,5.813,100.0,river,307,21.0,394.54,19.88,14.5,2.3166,0
0.5597643483283524,0.0,8.14,5.924,94.1,river,307,21.0,394.33,16.3,15.6,2.4688000000000003,0
0.6100590068254428,0.0,8.14,5.599,85.7,river,307,21.0,303.42,16.51,13.9,2.4963,0
0.5139666854625483,0.0,8.14,5.813,90.3,river,307,21.0,376.88,14.81,16.6,2.61,0
0.6707839777866773,0.0,8.14,6.0470000000000015,88.8,river,307,21.0,306.38,17.28,14.8,2.4957000000000003,0
0.5726673869182407,0.0,8.14,6.495,94.4,river,307,21.0,387.94,12.8,18.4,2.49635,0
0.6943714308596382,0.0,8.14,6.674,87.3,river,307,21.0,380.23,11.98,21.0,2.3885,0
0.7565021891227189,0.0,8.14,5.712999999999999,94.1,river,307,21.0,360.17,22.6,12.7,2.3855000000000004,0
0.8564218244336659,0.0,8.14,6.072,100.0,river,307,21.0,376.73,13.04,14.5,2.3565,0
0.8704520079168976,0.0,8.14,5.95,82.0,river,307,21.0,232.6,27.71,13.2,2.264,0
0.7662675223101358,0.0,8.14,5.7010000000000005,95.0,river,307,21.0,358.77,18.35,13.1,2.1626,0
0.9604300978281596,0.0,8.14,6.096,96.9,river,307,21.0,248.31,20.34,13.5,2.1489,0
0.06219515259296712,0.0,5.96,5.933,68.2,lake,279,19.2,396.9,12.715432098765431,18.9,1.92965,0
0.09298019476887416,0.0,11.083991769547325,5.841,61.4,lake,279,19.2,377.56,11.41,20.0,1.93845,0
0.07709066236456362,0.0,5.96,5.85,41.5,lake,279,19.2,396.9,8.77,21.0,2.2166,0
0.16131069988225022,0.0,5.96,5.966,30.2,lake,279,19.2,393.43,10.13,24.7,2.17315,0
0.027255180066451504,75.0,2.95,6.595,21.8,river,252,18.3,395.63,4.32,30.8,2.91455,0
0.033038179076797375,75.0,2.95,7.024,15.8,river,252,18.3,395.62,1.98,34.9,2.91455,0
0.11994957590111854,0.0,6.91,6.77,2.9,river,233,17.9,385.41,4.84,26.6,3.0844500000000004,0
0.13234318698771316,0.0,6.91,6.169,6.6,river,233,17.9,383.37,5.81,25.3,3.0844500000000004,0
0.1478681287245753,0.0,6.91,6.211,6.5,river,233,17.9,394.46,7.44,24.7,3.0844500000000004,0
0.1157275913439704,0.0,6.91,6.069,40.0,river,233,17.9,389.39,9.55,21.2,3.0844500000000004,0
0.1582166881149534,0.0,6.91,5.682,33.8,river,233,17.9,396.9,10.21,19.3,2.7742,0
0.17257420533907467,0.0,6.91,5.7860000000000005,33.3,river,233,17.9,396.9,14.15,20.0,2.7742,0
0.2064204972609396,0.0,11.083991769547325,6.03,85.5,river,233,17.9,392.74,18.8,16.6,3.0687,0
0.2262347685752404,0.0,6.91,5.399,95.3,river,233,17.9,396.9,30.81,14.4,3.159,0
0.19866231638200693,0.0,6.91,5.602,62.0,river,233,17.9,396.9,16.2,19.4,3.26785,0
0.08501187932583917,21.0,5.64,5.962999999999999,45.7,river,243,16.8,395.56,13.45,19.7,3.62685,0
0.042455859036392304,21.0,11.083991769547325,6.115,63.0,river,243,16.8,393.97,9.43,20.5,3.62685,0
0.05221287144693432,21.0,5.64,6.511,21.1,river,243,16.8,396.9,5.28,25.0,3.62685,0
1.5286342757527438,21.0,5.64,5.9979999999999976,21.4,river,243,16.8,396.9,8.43,23.4,3.62685,0
0.0135083500247923,75.0,4.0,5.888,47.6,river,469,21.1,396.9,14.8,18.9,3.86485,0
0.013024807722689413,90.0,1.22,7.249,21.9,lake,226,17.9,395.93,4.81,35.4,4.5498,0
0.020341697657914628,85.0,0.74,6.382999999999999,35.7,lake,313,17.3,396.9,5.77,24.7,4.7988,0
0.01421843723755561,100.0,1.32,6.816,40.5,lake,256,15.1,392.9,3.95,31.6,4.3679,0
0.14362404008287544,25.0,5.13,6.145,29.2,pond,284,19.7,390.68,6.86,23.3,4.1339,0
0.09828756118394524,25.0,5.13,5.9270000000000005,47.2,pond,284,19.7,396.9,9.22,19.6,3.6925,0
0.13917046313797135,25.0,5.13,5.7410000000000005,66.2,pond,284,19.7,395.11,13.15,18.7,3.8392,0
0.15846422026338808,25.0,5.13,5.966,93.4,pond,284,19.7,378.08,14.44,16.0,3.63575,0
0.10460322898864488,25.0,5.13,6.456,67.8,pond,284,19.7,396.9,6.73,22.2,3.83925,0
0.11911548089016212,25.0,5.13,6.7620000000000005,43.4,pond,284,19.7,395.58,9.5,25.0,4.21695,0
0.01932211971403696,17.5,1.38,7.104,59.5,river,216,18.6,393.24,8.05,33.0,4.8195,0
0.03521269175574257,80.0,3.37,6.29,17.8,river,337,16.1,396.9,4.67,23.5,3.50475,0
0.04285831980190065,80.0,3.37,5.787000000000001,31.1,river,337,16.1,396.9,10.24,19.4,3.50475,0
0.05627635827662477,12.5,6.07,5.877999999999999,21.4,river,345,18.9,396.21,8.1,22.0,3.4535,0
0.1271083087153749,12.5,6.07,5.5939999999999985,36.8,river,345,18.9,396.9,13.09,17.4,3.4535,0
0.12058798698859345,12.5,6.07,5.885,33.0,river,345,18.9,396.9,8.79,20.9,3.4535,0
0.08458009047306331,0.0,10.81,6.4170000000000025,6.6,river,305,19.2,383.73,6.72,24.2,2.85015,0
0.14735046784990224,0.0,10.81,5.961,17.5,river,305,19.2,376.94,9.88,21.7,2.85015,0
0.0876811526398337,0.0,10.81,6.065,7.8,river,305,19.2,390.91,5.52,22.8,2.85015,0
0.17847249197232387,0.0,10.81,6.245,6.2,river,305,19.2,377.17,12.715432098765431,23.4,2.85015,0
0.07599761422646502,0.0,12.83,6.273,68.51851851851852,lake,398,18.7,394.92,6.78,24.1,2.34425,0
0.09086394630511983,0.0,12.83,6.2860000000000005,45.0,lake,398,18.7,383.23,8.94,21.4,2.4698,0
0.09670012247721356,0.0,12.83,6.279,74.5,lake,398,18.7,373.66,11.97,20.0,2.2446,0
0.08348600348975031,0.0,12.83,6.14,45.8,lake,398,18.7,386.96,10.27,20.8,2.26375,0
0.0549236964958992,0.0,12.83,6.232,53.7,lake,398,18.7,386.4,12.34,21.2,2.72555,0
0.08053796962647095,0.0,12.83,5.874,36.6,lake,398,18.7,396.06,12.715432098765431,20.3,2.4698,0
0.04030666175913405,25.0,4.86,6.727,33.5,river,281,19.0,396.9,5.29,28.0,2.91335,0
0.04365318292140316,25.0,4.86,6.619,70.4,river,281,19.0,395.63,7.22,23.9,2.91335,0
0.03593647980430549,25.0,4.86,6.3020000000000005,32.2,river,281,19.0,396.9,6.72,24.8,2.91335,0
0.03489405897732062,25.0,4.86,6.1670000000000025,46.7,river,281,19.0,390.64,7.51,22.9,2.91335,0
0.04935191112196908,0.0,4.49,6.3889999999999985,48.0,river,247,18.5,396.9,9.62,23.9,2.6142,0
0.05576577790585726,0.0,4.49,6.63,56.1,river,247,18.5,392.3,6.53,26.6,2.44335,0
0.050579039368154007,0.0,4.49,6.015,45.1,river,247,18.5,395.99,12.86,22.5,2.4381,0
0.06906886859909774,0.0,4.49,6.121,56.8,river,247,18.5,395.15,12.715432098765431,22.2,2.0983,0
0.05505620574807839,0.0,3.41,7.0070000000000014,86.3,lake,270,17.8,396.9,5.5,23.6,1.95535,0
0.05166222632379377,0.0,3.41,7.079,63.1,lake,270,17.8,396.06,5.7,28.7,1.95175,0
0.04577610263658359,0.0,3.41,6.4170000000000025,66.1,lake,270,17.8,392.18,8.81,22.6,1.79065,0
0.03856665314881669,0.0,3.41,6.405,73.9,lake,270,17.8,393.55,8.2,22.0,1.79055,0
0.04117073370367661,11.2119341563786,15.04,6.442,53.6,river,270,18.2,395.01,8.16,22.9,2.06495,0
0.028344473009142567,28.0,15.04,6.211,28.9,river,270,18.2,396.33,6.21,25.0,2.06495,0
0.04204364799767931,28.0,15.04,6.249,77.3,river,270,18.2,396.9,10.59,20.6,2.0395000000000003,0
0.11514845708892205,0.0,2.89,6.625,57.8,lake,276,18.0,357.98,6.65,28.4,1.9701,0
0.10889027870807168,0.0,2.89,6.1629999999999985,69.6,lake,276,18.0,391.83,11.34,21.4,1.9701,0
0.11406948227773035,0.0,2.89,8.068999999999999,76.0,lake,276,18.0,396.9,4.21,38.7,1.9701,0
0.0786910253316488,0.0,2.89,7.82,36.9,lake,276,18.0,393.53,3.57,43.8,1.9701,0
0.06634938054153391,0.0,2.89,7.416,62.5,lake,276,18.0,396.9,6.19,33.2,1.9701,0
0.13859604559025776,0.0,8.56,6.727,79.9,lake,384,20.9,394.76,9.42,27.5,1.6489,0
0.10824435339763888,0.0,8.56,6.7810000000000015,71.3,lake,384,20.9,395.58,7.67,26.5,1.68805,0
0.2060055307981068,0.0,8.56,6.405,85.4,lake,384,20.9,70.8,10.63,18.6,1.61735,0
0.19195005368591087,0.0,8.56,6.1370000000000005,68.51851851851852,lake,384,20.9,394.47,13.44,19.3,1.61735,0
0.13067732364161613,0.0,8.56,6.1670000000000025,90.0,lake,384,20.9,392.69,12.33,20.1,1.4705,0
0.12453353302656033,0.0,8.56,5.851,96.7,lake,384,20.9,394.05,16.47,19.5,1.31345,0
0.15802886422491008,0.0,8.56,5.836,91.9,lake,384,20.9,395.67,18.66,19.5,1.3655,0
0.12325249529930254,0.0,8.56,6.127000000000002,85.2,lake,384,20.9,387.69,14.09,20.4,1.3212,0
0.12046388341513767,0.0,8.56,6.474,97.1,lake,384,20.9,395.24,12.27,19.8,1.47645,0
0.233988531354372,0.0,8.56,6.229,91.2,lake,384,20.9,391.23,15.55,19.4,1.53255,0
0.10249340943404116,0.0,8.56,6.195,54.4,lake,384,20.9,393.49,13.0,21.7,1.6489,0
0.09607352474606412,0.0,10.01,6.715,81.6,river,432,17.8,395.59,10.16,22.8,1.6122500000000002,0
0.1162618792844446,0.0,10.01,5.9129999999999985,92.9,river,432,17.8,394.95,16.21,18.8,1.4502000000000002,0
0.20058705560079892,0.0,10.01,6.0920000000000005,95.4,river,432,17.8,396.9,17.09,18.7,1.5475,0
0.13305252798715142,0.0,10.01,6.254,84.2,river,432,17.8,388.74,10.45,18.5,1.40175,0
1.5286342757527438,0.0,10.01,5.928,88.2,river,432,17.8,344.91,15.76,18.3,1.50505,0
0.12361488619930215,0.0,10.01,6.176,72.5,river,432,17.8,393.3,12.715432098765431,21.2,1.6385500000000002,0
0.1406137533941645,0.0,10.01,6.021,82.6,river,432,17.8,394.51,10.3,19.2,1.6472,0
0.12273077538031694,11.2119341563786,10.01,5.872000000000001,73.1,river,432,17.8,338.63,15.37,20.4,1.51225,0
0.13519500804868875,0.0,10.01,5.731,65.2,river,432,17.8,391.5,13.61,19.3,1.6531,0
0.0667142774622037,0.0,25.65,5.87,69.7,lake,188,19.1,389.15,14.37,22.0,1.41935,0
0.06919951680100442,0.0,25.65,6.004,84.1,lake,188,19.1,377.67,14.27,20.3,1.3892,0
0.0889170600217153,0.0,25.65,5.961,92.9,lake,188,19.1,378.09,17.93,20.5,1.33395,0
0.14009232257621804,0.0,11.083991769547325,5.856,97.0,lake,188,19.1,370.31,25.41,17.3,1.2627,0
0.09393650947837953,0.0,25.65,5.879,95.8,lake,188,19.1,379.38,17.58,18.8,1.29365,0
0.15616579098344333,0.0,25.65,5.9860000000000015,88.4,lake,188,19.1,385.02,14.81,21.4,1.28695,0
0.32739545268624176,0.0,25.65,5.613,68.51851851851852,lake,188,19.1,359.29,27.26,15.7,1.1691,0
0.2304368901416751,0.0,21.89,5.693,96.0,river,437,21.2,392.11,17.19,16.2,1.20615,0
0.2817369350921531,0.0,21.89,6.431,98.8,river,437,21.2,396.9,15.39,18.0,1.21825,0
0.6319364495150489,0.0,21.89,5.6370000000000005,94.7,river,437,21.2,396.9,18.34,14.3,1.30195,0
0.2927143890798025,0.0,21.89,6.4579999999999975,98.9,river,437,21.2,395.04,12.6,19.2,1.37125,0
0.7852431092803438,0.0,21.89,6.3260000000000005,97.7,river,437,21.2,396.9,12.26,19.6,1.4475,0
0.4637654622785886,0.0,21.89,6.372000000000001,97.9,river,437,21.2,385.76,11.12,23.0,1.4757,0
0.2850435947287374,11.2119341563786,11.083991769547325,5.822,95.4,river,437,21.2,388.69,15.03,18.4,1.54695,0
0.6811606280137664,0.0,21.89,5.7570000000000014,98.4,river,437,21.2,262.76,17.31,15.6,1.485,0
0.4432617308027308,0.0,21.89,6.335,98.2,river,437,21.2,394.67,16.96,18.1,1.36735,0
0.2796297392609526,0.0,21.89,5.942,93.5,river,437,21.2,378.25,16.9,17.4,1.29545,0
0.3018290306776389,0.0,21.89,6.454,98.4,river,437,21.2,394.08,14.59,17.1,1.2369,0
0.22298353851284428,0.0,21.89,5.857,68.51851851851852,river,437,21.2,392.04,21.32,13.3,1.1463,0
0.4347131824671496,0.0,21.89,6.151,97.9,river,437,21.2,396.9,18.46,17.8,1.14635,0
0.25533964953052657,0.0,21.89,6.174,93.6,river,437,21.2,388.08,24.16,14.0,1.11795,0
0.9664666021758896,0.0,21.89,5.019,100.0,river,437,21.2,396.9,34.41,14.4,1.0317,0
1.4634984282783583,0.0,19.58,5.403,100.0,lake,403,14.7,396.9,26.82,13.4,1.0963,1
1.6287306058145097,0.0,19.58,5.468,100.0,lake,403,14.7,396.9,26.42,15.6,1.1414,0
1.3296552241970496,0.0,19.58,4.9030000000000005,97.8,lake,403,14.7,396.9,29.29,11.8,1.10845,0
1.2176804241557977,0.0,19.58,6.13,100.0,lake,403,14.7,172.91,27.8,13.8,1.14505,0
1.1490043437281394,11.2119341563786,19.58,5.627999999999999,100.0,lake,403,14.7,169.27,16.65,15.6,1.1938,0
1.2145031649491107,0.0,11.083991769547325,4.926,95.7,lake,403,14.7,391.71,29.53,14.6,1.1659000000000002,0
1.2032695571055654,0.0,11.083991769547325,5.186,93.8,lake,403,14.7,356.99,28.32,17.8,1.2003,0
1.317472010807663,0.0,19.58,5.597,94.9,lake,403,14.7,351.85,21.45,15.4,1.19835,0
0.977047109716266,0.0,19.58,6.122000000000001,68.51851851851852,lake,403,14.7,372.8,14.1,21.5,1.2445,0
0.9148176474178112,0.0,19.58,5.404,100.0,lake,403,14.7,341.6,13.28,19.6,1.2313,0
0.7545150555070919,0.0,19.58,5.012,88.0,lake,403,14.7,343.28,12.12,15.3,1.2406,0
1.1471421014887528,0.0,19.58,5.709,98.5,lake,403,14.7,261.95,15.79,19.4,1.2471,0
0.8812229832136547,0.0,19.58,6.129,96.0,lake,403,14.7,321.02,15.12,17.0,1.3102,1
1.5118272886363335,0.0,19.58,6.152,68.51851851851852,lake,403,14.7,88.01,15.02,15.6,1.30825,1
1.2374114488766443,0.0,19.58,5.272,94.0,lake,403,14.7,88.63,16.14,13.1,1.3037,0
0.7991185096332699,11.2119341563786,19.58,6.943,97.4,lake,403,14.7,363.43,4.59,41.3,1.24115,0
0.8513638686748987,0.0,19.58,6.066,100.0,lake,403,14.7,353.89,6.43,24.3,1.18115,0
0.8858397717781171,0.0,19.58,6.51,100.0,lake,403,14.7,364.31,7.39,23.3,1.31845,0
0.8213029001101178,0.0,19.58,6.25,92.6,lake,403,14.7,338.92,5.5,27.0,1.2017,1
0.9015262716731894,0.0,19.58,7.489,90.8,lake,403,14.7,374.43,1.73,50.0,1.28795,0
1.0416079806003156,0.0,19.58,7.802,98.2,lake,403,14.7,389.61,1.92,50.0,1.32285,1
0.923869936997549,0.0,19.58,8.375,68.51851851851852,lake,403,14.7,388.45,3.32,50.0,1.3835,1
1.176301459715032,0.0,19.58,5.854,91.8,lake,403,14.7,395.11,11.64,22.7,1.5134999999999998,0
1.3671115417031166,0.0,19.58,6.101,93.0,lake,403,14.7,240.16,9.81,25.0,1.4442,0
1.1020031996922046,0.0,19.58,7.9289999999999985,96.2,lake,403,14.7,369.3,3.7,50.0,1.32545,0
1.0297194121814914,11.2119341563786,19.58,5.877000000000002,79.2,lake,403,14.7,227.61,12.14,23.8,1.51545,0
1.194043673248051,0.0,19.58,6.319,96.1,lake,403,14.7,297.09,11.1,23.8,1.3525,0
1.2382379898788043,0.0,19.58,6.402,95.2,lake,403,14.7,330.04,11.32,22.3,1.43375,0
0.7918244127486899,0.0,19.58,5.875,94.6,lake,403,14.7,292.29,14.43,17.4,1.51545,0
1.1981257435340087,0.0,19.58,5.88,97.3,lake,403,14.7,348.13,12.03,19.1,1.49685,0
0.13027359174921224,0.0,4.05,5.572,88.5,lake,296,16.6,396.9,14.69,23.1,1.5530499999999998,0
0.08780939182440825,0.0,11.083991769547325,6.416,68.51851851851852,lake,296,16.6,395.5,9.04,23.6,1.57815,0
0.0810913883848885,0.0,4.05,5.859,68.7,lake,296,16.6,393.23,9.64,22.6,1.60595,0
0.06451352082506599,0.0,4.05,6.546,33.1,lake,296,16.6,390.96,5.33,29.4,1.82115,0
0.06786423481612991,0.0,4.05,6.02,47.2,lake,296,16.6,393.23,10.11,23.2,2.03245,0
0.052829613644532106,0.0,11.083991769547325,6.315,73.4,lake,296,16.6,395.6,6.29,24.6,1.91375,0
0.06430724439516697,0.0,4.05,6.86,74.4,lake,296,16.6,391.27,6.92,29.9,1.71265,0
0.05619127964974256,0.0,2.46,6.98,58.4,river,193,17.8,396.9,5.04,37.2,1.6585,0
0.06380074905066183,0.0,2.46,7.765,83.3,river,193,17.8,395.56,7.56,39.8,1.6145,0
0.06661137129850159,0.0,2.46,6.144,62.2,river,193,17.8,396.9,9.45,36.2,1.54295,0
0.08712220418140294,0.0,2.46,7.155,92.2,river,193,17.8,394.12,4.82,37.9,1.5943,0
1.5286342757527438,0.0,2.46,6.563,95.6,river,193,17.8,396.9,5.68,32.5,1.6675,0
0.07980883417341518,0.0,2.46,5.604,89.8,river,193,17.8,391.0,13.98,26.4,1.73795,0
0.0587122060793317,0.0,2.46,6.153,68.8,river,193,17.8,387.11,13.15,29.6,1.88385,0
0.05450712449866103,11.2119341563786,2.46,7.831,53.6,river,193,17.8,392.63,4.45,50.0,1.8436,0
0.07580296341550075,45.0,3.44,6.782,41.1,lake,398,15.2,393.87,6.68,32.0,2.1128,0
0.11848501143594595,45.0,3.44,6.556,29.1,lake,398,15.2,382.84,4.56,29.8,2.50185,0
0.08038111194681236,45.0,3.44,7.185,38.9,lake,398,15.2,396.9,5.39,34.9,2.50185,0
0.08680135493654237,45.0,3.44,6.9510000000000005,21.5,lake,398,15.2,377.68,5.1,37.0,3.4584,0
1.5286342757527438,45.0,3.44,6.739,30.8,lake,398,15.2,389.71,4.69,30.5,3.4584,0
1.5286342757527438,45.0,3.44,7.178,26.3,lake,398,15.2,390.49,2.87,36.4,3.4584,0
0.02163428212514976,60.0,2.93,6.8,68.51851851851852,lake,265,15.6,393.37,5.03,31.1,3.3103,0
0.014287446608069456,60.0,2.93,6.604,18.8,lake,265,15.6,376.7,4.38,29.1,3.3103,0
0.01371551088594132,80.0,0.46,7.875,32.0,river,255,14.4,394.23,2.97,50.0,3.0352,0
1.5286342757527438,80.0,1.52,7.287000000000001,34.1,lake,329,12.6,396.9,4.08,33.3,3.8565,0
0.04560414180501576,80.0,1.52,7.107,36.6,lake,329,12.6,354.31,8.61,30.3,3.8565,0
0.03698745205028053,80.0,1.52,7.274,38.3,lake,329,12.6,392.2,6.62,34.6,3.8565,0
0.031014053529169538,95.0,1.47,6.975,15.3,river,402,17.0,396.9,4.56,34.9,4.0282,0
0.017623784753549334,95.0,1.47,7.135,13.9,river,402,17.0,384.3,4.45,32.9,4.0282,0
0.033869884507615286,82.5,2.03,6.162000000000001,38.4,lake,348,14.7,393.77,7.43,24.1,3.3425,0
0.021536417530524682,82.5,2.03,7.61,15.7,lake,348,14.7,395.38,3.11,42.3,3.3425,0
0.03449804040756736,95.0,2.68,7.853,33.2,river,224,14.7,392.78,3.81,48.5,2.76705,0
0.019890858697792703,95.0,2.68,8.033999999999999,31.9,river,224,14.7,390.55,2.88,50.0,2.76705,0
0.12788297027984555,11.2119341563786,10.59,5.891,22.3,river,277,18.6,396.9,10.87,22.6,2.2172,0
0.20676210509846785,0.0,10.59,6.3260000000000005,52.5,river,277,18.6,394.87,10.97,24.4,2.42195,0
0.22473428542556145,0.0,10.59,5.783,72.7,river,277,18.6,389.43,12.715432098765431,22.5,2.42195,0
0.1273988771308717,0.0,10.59,6.064,59.1,river,277,18.6,381.32,14.66,24.4,2.3641,1
0.3616595003706893,0.0,10.59,5.3439999999999985,100.0,river,277,18.6,396.9,23.09,20.0,2.182,1
0.16080846749132485,11.2119341563786,10.59,5.96,92.1,river,277,18.6,393.25,17.27,21.7,2.18305,1
0.31902084300745703,0.0,10.59,5.404,88.6,river,277,18.6,395.24,23.98,19.3,2.077,1
0.19654492343019744,0.0,10.59,5.807,53.8,river,277,18.6,390.94,16.03,22.4,2.0708,1
0.13148429875689607,0.0,10.59,6.375,32.3,river,277,18.6,385.81,9.38,28.1,2.2172,0
0.2542933203064257,0.0,10.59,5.412000000000001,9.8,river,277,18.6,348.93,29.55,23.7,2.03825,0
0.18067019404472426,0.0,10.59,6.182,68.51851851851852,river,277,18.6,393.63,9.47,25.0,2.2172,0
0.04459088332787522,0.0,13.89,5.888,56.0,lake,276,16.4,392.8,13.51,23.3,1.83105,1
0.06778013642095812,0.0,13.89,6.642,85.1,lake,276,16.4,392.78,9.69,28.7,1.98555,0
0.10498144381917446,0.0,13.89,5.9510000000000005,93.8,lake,276,16.4,396.9,17.92,21.5,1.71965,1
0.10818153284452812,0.0,11.083991769547325,6.3729999999999976,92.4,lake,276,16.4,393.74,10.5,23.0,1.95665,1
0.3060793008727377,0.0,6.2,6.9510000000000005,88.5,pond,307,17.4,391.7,9.71,26.7,1.68435,1
0.341964270612869,0.0,6.2,6.164,91.3,pond,307,17.4,395.24,21.46,21.7,1.7775,1
0.4846212690691168,0.0,6.2,6.879,77.7,pond,307,17.4,390.39,9.93,27.5,1.88955,1
0.4791491809054384,0.0,6.2,6.6179999999999986,80.8,pond,307,17.4,396.9,7.6,30.1,1.88955,0
0.2740875847172426,0.0,6.2,8.266,78.3,pond,307,17.4,385.05,4.14,44.8,1.6992,0
0.4232591836664221,0.0,6.2,8.725,83.0,pond,307,17.4,382.0,4.63,50.0,1.6992,0
0.3236330226749332,0.0,6.2,8.04,86.5,pond,307,17.4,387.38,12.715432098765431,37.6,1.85985,0
0.34527622467730223,0.0,6.2,7.1629999999999985,79.9,pond,307,17.4,372.08,6.36,31.6,1.85985,0
0.26097098661421536,0.0,6.2,7.686,17.0,pond,307,17.4,377.51,12.715432098765431,46.7,1.93955,0
1.5286342757527438,0.0,6.2,6.5520000000000005,21.4,pond,307,17.4,380.34,3.76,31.5,1.93955,0
0.4298324645564587,0.0,6.2,5.981,68.1,pond,307,17.4,378.35,11.65,24.3,2.08775,0
0.3804617805842405,0.0,6.2,7.412000000000001,76.9,pond,307,17.4,376.14,5.25,31.7,2.08775,0
0.4544393823124306,0.0,6.2,8.337,73.3,pond,307,17.4,385.91,2.47,41.7,2.1727,0
0.28628359503792583,0.0,6.2,8.247,68.51851851851852,pond,307,17.4,378.95,3.95,48.3,2.07945,0
0.3701211373357089,0.0,6.2,6.726,66.5,pond,307,17.4,360.2,8.05,29.0,2.07945,1
0.2855172308722697,0.0,6.2,6.086,61.5,pond,307,17.4,376.75,10.88,24.0,2.07945,0
1.5286342757527438,0.0,6.2,6.631,76.5,pond,307,17.4,388.45,9.54,25.1,2.3275,1
0.4133208375737469,0.0,6.2,7.358,71.6,pond,307,17.4,390.07,4.73,31.5,2.3275,0
0.07921775210662894,11.2119341563786,4.93,6.481,18.5,river,300,16.6,379.41,6.36,23.7,3.30895,0
0.0884869544561993,30.0,4.93,6.606,42.2,river,300,16.6,383.78,7.37,23.3,3.30895,0
0.10731959540732408,30.0,4.93,6.897,54.3,river,300,16.6,391.25,11.38,22.0,3.38205,0
1.5286342757527438,30.0,4.93,6.095,65.1,river,300,16.6,394.62,12.4,20.1,3.38205,0
0.09794307432996416,30.0,4.93,6.358,52.9,river,300,16.6,372.75,11.22,22.2,3.73175,0
0.1200648747247548,30.0,4.93,6.393,7.8,river,300,16.6,374.71,5.19,23.7,3.73175,0
0.1873754310966336,22.0,5.86,5.593,76.5,pond,330,19.1,372.49,12.5,17.6,4.19295,0
0.17507033007976175,22.0,11.083991769547325,5.605,70.2,pond,330,19.1,389.13,18.46,18.5,4.19295,0
0.2925427402430483,22.0,5.86,6.108,34.9,pond,330,19.1,390.18,9.16,24.3,4.24325,0
0.17945913062491262,22.0,5.86,6.226,79.2,pond,330,19.1,376.14,10.15,20.5,4.24325,0
0.15219734473840293,22.0,5.86,6.433,49.1,pond,330,19.1,374.71,9.52,24.5,4.12875,0
0.17456656442088758,22.0,5.86,6.718,17.5,pond,330,19.1,393.74,6.56,26.2,4.12875,0
0.13129138568117574,22.0,5.86,6.487,13.0,pond,330,19.1,396.28,5.9,24.4,3.91385,0
0.19399482498004614,22.0,5.86,6.438,8.9,pond,330,19.1,377.07,3.59,24.8,3.91385,0
0.07900524661995376,22.0,5.86,6.9570000000000025,6.8,pond,330,19.1,386.09,3.53,29.6,4.66885,0
0.31403671773445885,22.0,5.86,8.259,8.4,pond,330,19.1,396.9,3.54,42.8,4.66885,0
0.04706486717633032,80.0,3.64,6.108,32.0,lake,315,16.4,392.89,6.57,21.9,4.80615,0
0.034865087326079354,80.0,3.64,5.876,19.1,lake,315,16.4,395.18,9.25,20.9,4.80615,0
0.015262926665912318,90.0,3.75,7.454,34.2,river,244,15.9,386.34,3.11,44.0,3.36505,0
0.4771902435600922,20.0,3.97,8.704,86.9,lake,264,13.0,389.7,5.12,50.0,1.224,0
0.508929827880027,20.0,3.97,7.332999999999997,100.0,lake,264,13.0,383.29,7.79,36.0,1.2708,0
0.5047974910276488,20.0,3.97,6.8420000000000005,100.0,lake,264,13.0,391.93,6.9,30.1,1.32885,0
0.4318538424460675,20.0,3.97,7.2029999999999985,81.8,lake,264,13.0,392.8,9.59,33.8,1.37955,0
0.4279569267433912,20.0,3.97,7.52,89.4,lake,264,13.0,388.37,7.26,43.1,1.3934000000000002,0
1.5286342757527438,20.0,3.97,8.398,91.5,lake,264,13.0,386.86,5.91,48.8,1.46775,0
0.6017224426405978,20.0,3.97,7.327000000000001,94.5,lake,264,13.0,393.42,11.25,31.0,1.3629000000000002,0
0.43830009120173735,20.0,3.97,7.206,91.6,lake,264,13.0,387.89,8.1,36.5,1.28855,0
0.5662338402369981,20.0,3.97,5.56,62.8,lake,264,13.0,392.4,10.45,22.8,1.31675,0
0.5798104952209419,11.2119341563786,3.97,7.0139999999999985,84.6,lake,264,13.0,384.07,14.79,30.7,1.3899499999999998,0
0.4563736618258476,20.0,3.97,8.297,67.0,lake,264,13.0,384.54,7.44,50.0,1.4983,0
0.4321070390545855,20.0,3.97,7.47,52.6,lake,264,13.0,390.3,3.16,43.5,1.7235,0
0.08677384878203838,20.0,6.96,5.92,61.5,river,223,18.6,391.34,13.65,20.7,2.19075,1
0.26171790177397103,20.0,6.96,5.856,42.1,river,223,18.6,388.65,13.0,21.1,2.4464999999999995,0
0.15023731832110335,20.0,6.96,6.24,16.3,river,223,18.6,396.9,12.715432098765431,25.2,2.4464999999999995,0
0.10849559615329896,20.0,6.96,6.5379999999999985,58.7,river,223,18.6,394.96,7.73,24.4,2.19075,0
0.20039065625483235,20.0,6.96,7.691,51.8,river,223,18.6,390.77,6.58,35.2,2.4152500000000003,1
0.05490476516928601,40.0,6.41,6.757999999999999,32.9,river,254,17.6,396.9,3.53,32.4,2.2623,1
0.09170368421021308,40.0,6.41,6.854,42.8,river,254,17.6,396.9,2.98,32.0,2.35715,0
0.0995647526237456,40.0,6.41,7.267,49.0,river,254,17.6,389.25,6.05,33.2,2.6171,1
0.05946630416666648,40.0,6.41,6.8260000000000005,27.6,river,254,17.6,393.45,12.715432098765431,33.1,2.6549,1
0.07675731668200712,40.0,6.41,6.482,32.1,river,254,17.6,396.9,7.19,29.1,2.29365,0
0.19093435989217727,20.0,3.33,6.812,32.2,lake,216,14.9,396.9,4.85,35.1,2.2718,0
0.03515476607437538,20.0,3.33,7.82,64.5,lake,216,14.9,387.31,3.76,45.4,2.5688,0
0.036380144092750526,20.0,3.33,6.968,68.51851851851852,lake,216,14.9,392.23,4.59,35.4,2.8438,0
0.05948514933476605,20.0,3.33,7.645,49.7,lake,216,14.9,377.07,3.01,46.0,2.8274,1
0.014898464661966622,90.0,1.21,7.922999999999999,24.8,lake,198,13.6,395.52,3.16,50.0,3.1430000000000002,1
0.009019204420159998,90.0,2.97,7.087999999999999,20.8,lake,285,15.3,394.72,7.85,32.2,3.85365,0
0.010900374468288327,55.0,2.25,6.4529999999999985,31.9,lake,300,15.3,394.72,8.23,22.0,3.84815,0
0.019459431156219027,80.0,1.76,6.23,68.51851851851852,lake,241,18.2,341.6,12.93,20.1,4.7371,0
0.03797955862417438,52.5,5.32,6.209,31.3,river,293,16.6,396.9,7.14,23.2,3.8611,0
1.5286342757527438,52.5,5.32,6.315,45.6,river,293,16.6,396.9,7.6,22.3,3.8611,0
0.04207241242184147,52.5,5.32,6.565,22.9,river,293,16.6,371.72,9.51,24.8,3.8611,0
0.0344207502021303,80.0,4.95,6.8610000000000015,27.9,river,245,19.2,396.9,3.33,28.5,2.76385,0
0.07590492808946417,80.0,4.95,7.148,27.7,river,245,19.2,396.9,3.56,37.3,2.76385,0
0.03551192100135947,80.0,11.083991769547325,6.63,23.4,river,245,19.2,396.9,4.7,27.9,2.76385,0
0.07941173942416177,0.0,13.92,6.127000000000002,18.4,river,289,16.0,396.9,8.58,23.9,2.96985,0
0.07880193823740346,0.0,13.92,6.009,42.3,river,289,16.0,396.9,10.4,21.7,2.96985,0
0.12161568167655985,0.0,13.92,6.678,31.1,river,289,16.0,396.9,6.27,28.6,3.1987,0
0.05232676017776742,0.0,13.92,6.549,51.0,river,289,16.0,392.85,7.39,27.1,3.1987,0
0.13193136325997015,0.0,11.083991769547325,5.79,58.0,river,289,16.0,396.9,15.84,20.3,3.3785000000000003,0
0.06265549936434223,70.0,2.24,6.345,20.1,lake,358,14.8,368.24,4.97,22.5,4.1139,0
0.05411879888749596,70.0,2.24,7.041,10.0,lake,358,14.8,371.58,4.74,29.0,4.1139,0
0.04322231145326903,70.0,2.24,6.871,47.4,lake,358,14.8,390.86,6.07,24.8,4.1139,0
0.034758850756454795,11.2119341563786,6.09,6.59,40.4,pond,329,16.1,395.75,9.5,22.0,2.96235,0
1.5286342757527438,34.0,6.09,6.495,18.4,pond,329,16.1,383.61,8.67,26.4,2.96235,0
0.09531017980432492,11.2119341563786,6.09,6.982,17.7,pond,329,16.1,390.43,4.86,33.1,2.96235,0
0.05368293691618487,33.0,2.18,7.2360000000000015,41.1,pond,222,18.4,393.68,6.93,36.1,2.2470000000000003,0
0.05334169498182322,33.0,11.083991769547325,6.6160000000000005,58.1,pond,222,18.4,393.36,8.93,28.4,1.921,0
0.07234856816697781,33.0,2.18,7.42,71.9,pond,222,18.4,396.9,6.47,33.4,1.7856,0
0.04814233532601417,33.0,2.18,6.849,70.3,pond,222,18.4,396.9,7.53,28.2,1.82735,0
0.4007741226200408,0.0,9.9,6.635,82.5,river,304,18.4,396.9,4.54,22.8,1.93075,0
0.2996600492111879,0.0,9.9,5.972,76.7,river,304,18.4,396.24,9.97,20.3,1.82325,0
1.290741151786282,0.0,9.9,4.973,37.8,river,304,18.4,350.45,12.64,16.1,1.5317,0
0.582444643903983,0.0,9.9,6.122000000000001,52.8,river,304,18.4,396.9,5.98,22.1,1.59215,0
0.2324520921057716,0.0,9.9,6.023,90.4,river,304,18.4,396.3,11.72,19.4,1.6889999999999998,0
0.2385285922910863,0.0,9.9,6.266,82.8,river,304,18.4,393.39,7.9,21.6,1.9034,0
0.3142266276738932,0.0,9.9,6.567,87.3,river,304,18.4,395.69,9.28,23.8,2.07315,0
0.22598750344594104,0.0,9.9,5.705,77.7,river,304,18.4,396.42,11.5,16.2,2.2445,0
0.2763202709424078,0.0,9.9,5.914,68.51851851851852,river,304,18.4,390.7,18.33,17.8,2.2713,0
0.21931222113316776,0.0,9.9,5.782,71.7,river,304,18.4,396.9,15.94,19.8,2.28785,0
0.33791405384588485,0.0,9.9,6.3820000000000014,67.2,river,304,18.4,395.21,10.36,23.1,2.03825,0
0.3889765831033407,0.0,9.9,6.113,58.8,river,304,18.4,396.23,12.73,21.0,2.27295,0
0.1549503599978226,0.0,7.38,6.426,52.3,lake,287,19.6,396.9,7.2,23.8,2.5167,0
0.16686098909834052,0.0,7.38,6.376,54.3,lake,287,19.6,396.9,6.87,23.1,2.5167,0
0.3009486805521662,0.0,7.38,6.041,49.9,lake,287,19.6,396.9,7.7,20.4,2.60705,0
0.2499178980307637,0.0,7.38,5.7079999999999975,74.3,lake,287,19.6,391.13,11.74,18.5,2.60705,0
0.2934827161414511,0.0,7.38,6.415,40.1,lake,287,19.6,396.9,6.12,25.0,2.60705,0
0.17551511208097648,0.0,7.38,6.431,14.7,lake,287,19.6,393.68,5.08,24.6,2.95445,0
0.26502993916684725,0.0,7.38,6.312,28.9,lake,287,19.6,396.9,6.15,23.0,2.95445,0
0.21594167998346545,0.0,7.38,6.0829999999999975,43.7,lake,287,19.6,396.9,12.79,22.2,2.95445,0
0.06407278770058898,0.0,3.24,5.8679999999999986,25.8,river,430,16.9,382.44,9.97,19.3,2.8373,0
0.06507587673618766,0.0,3.24,6.3329999999999975,17.2,river,430,16.9,375.21,7.34,22.6,2.8373,0
0.04443784943056822,11.2119341563786,3.24,6.144,32.2,river,430,16.9,368.57,9.09,19.8,3.1668,0
0.049009187801052775,35.0,6.06,5.706,28.4,lake,304,16.9,394.02,12.43,17.1,3.5393,0
0.03407287033313533,11.2119341563786,6.06,6.0310000000000015,23.3,lake,304,16.9,362.25,7.83,19.4,3.5393,0
0.049580328098150425,0.0,5.19,6.316,38.1,lake,224,20.2,389.71,5.68,22.2,3.4867,0
0.036698303782673684,0.0,5.19,6.31,38.5,lake,224,20.2,389.4,6.75,20.7,3.4867,0
0.03884564282319816,0.0,5.19,6.037000000000001,34.5,lake,224,20.2,396.9,8.01,21.1,3.25015,0
0.03369586385672555,0.0,5.19,5.869,46.3,lake,224,20.2,396.9,9.8,19.5,2.87305,0
0.029956781289803364,0.0,5.19,5.895,59.6,lake,224,20.2,394.81,10.56,18.5,3.065,0
0.032525271703396925,0.0,5.19,6.059,37.3,lake,224,20.2,396.14,8.51,20.6,2.6636,0
0.05351233050476119,0.0,5.19,5.985,45.4,lake,224,20.2,396.9,9.74,19.0,2.6636,0
0.05969242274798212,0.0,5.19,5.968,58.5,lake,224,20.2,396.9,9.29,18.7,2.6636,0
0.012926096886133642,35.0,1.52,7.241,49.3,lake,284,15.5,394.74,5.49,32.7,3.73995,0
0.0246731002048842,0.0,1.89,6.54,59.7,lake,422,15.9,389.96,8.65,16.5,3.39245,0
0.025112036814854896,55.0,3.78,6.6960000000000015,56.4,lake,370,17.6,396.9,7.18,23.9,3.10805,0
0.030034417274120925,55.0,11.083991769547325,6.874,28.1,lake,370,17.6,387.97,4.61,31.2,3.4747,0
0.030655288259616963,0.0,4.39,6.0139999999999985,48.5,river,352,18.8,385.64,10.53,17.5,4.2278,0
0.05979604334596573,0.0,4.39,5.898,52.3,river,352,18.8,364.61,12.67,17.2,4.2278,0
0.01852730461388356,85.0,4.15,6.516,27.7,river,351,17.9,392.43,6.36,23.1,4.48215,0
0.014898464661966622,80.0,2.01,6.635,29.7,river,280,17.0,390.94,5.99,24.5,4.3895,0
0.0285777386317074,40.0,1.25,6.939,34.5,lake,335,19.7,389.85,12.715432098765431,26.6,4.61055,0
0.06025749561032615,11.2119341563786,1.25,6.49,44.4,lake,335,19.7,396.9,12.715432098765431,22.9,4.61055,0
0.0764979709727249,60.0,1.69,6.579,35.9,river,411,18.3,370.78,5.49,24.1,5.56065,0
0.06993642619916393,60.0,1.69,5.884,18.5,river,411,18.3,392.33,7.79,18.6,5.56065,0
0.016945608726141773,90.0,2.02,6.728,36.1,lake,187,17.0,384.46,4.5,30.1,6.26825,0
0.04211076370038195,80.0,1.91,5.6629999999999985,21.9,river,334,22.0,382.8,8.05,18.2,5.49935,0
0.101283214752084,11.2119341563786,1.91,5.936,68.51851851851852,river,334,22.0,376.04,5.57,20.6,5.49935,0
2.3008796395346813,0.0,18.1,6.2120000000000015,97.4,None,666,20.2,377.73,17.6,17.8,1.4461,1
1.5789168473661481,0.0,18.1,6.395,91.0,None,666,20.2,391.34,13.27,21.7,1.6376,1
1.8248347351792475,0.0,18.1,6.127000000000002,83.4,None,666,20.2,395.43,11.48,22.7,1.74635,1
1.6603800451716153,0.0,11.083991769547325,6.112,81.3,None,666,20.2,390.74,12.67,22.6,1.63955,0
1.7123410111146562,0.0,18.1,6.398,88.0,None,666,20.2,374.56,7.79,25.0,1.6441,0
1.5762616149393935,0.0,18.1,6.251,91.1,None,666,20.2,350.65,14.19,19.9,1.53275,0
1.5429176957008952,0.0,18.1,5.362,96.2,None,666,20.2,380.79,10.19,20.8,1.4368,0
1.6529551515173315,0.0,18.1,5.803,89.0,None,666,20.2,353.04,14.64,16.8,1.33735,1
1.4983454449272653,0.0,18.1,8.78,82.9,None,666,20.2,354.55,5.29,21.9,1.31135,1
1.7148550264902072,0.0,18.1,3.5610000000000004,87.9,None,666,20.2,354.7,7.12,27.5,1.1656,0
1.5469133618955864,0.0,18.1,4.963,91.4,None,666,20.2,316.03,14.0,21.9,1.23515,0
2.6756785130709044,0.0,18.1,3.863,100.0,None,666,20.2,131.42,13.33,23.1,1.0708,0
1.774650610477353,0.0,18.1,4.97,68.51851851851852,None,666,20.2,375.52,3.26,50.0,0.98175,0
1.5286342757527438,0.0,18.1,6.683,96.8,None,666,20.2,375.33,3.73,50.0,0.99385,1
2.0200577122620342,0.0,18.1,7.016,97.5,None,666,20.2,392.05,2.96,50.0,0.9167,1
2.3255493836278043,0.0,18.1,6.216,100.0,None,666,20.2,366.15,9.53,50.0,0.90005,0
2.226486679687524,0.0,18.1,5.875,89.6,None,666,20.2,347.88,8.88,50.0,0.8987999999999999,1
2.493874650127679,0.0,18.1,4.9060000000000015,100.0,None,666,20.2,396.9,34.77,13.8,0.9211,0
2.9703221536167765,0.0,18.1,4.138,100.0,None,666,20.2,396.9,37.97,13.8,0.9025,0
3.0257327258266167,11.2119341563786,18.1,7.313,97.9,None,666,20.2,396.9,13.44,15.0,0.99365,0
2.790428640368112,0.0,18.1,6.649,93.3,None,666,20.2,363.02,12.715432098765431,13.9,1.00795,0
2.381718772241792,0.0,18.1,6.794,98.8,None,666,20.2,396.9,21.24,13.3,1.0145,0
3.204703875510067,0.0,18.1,6.38,96.2,None,666,20.2,396.9,23.69,13.1,1.02855,0
2.937398463323919,0.0,18.1,6.223,100.0,None,666,20.2,393.74,21.78,10.2,1.02855,0
4.499545190914224,0.0,18.1,6.968,91.9,None,666,20.2,396.9,17.21,10.4,1.04375,0
2.8257976805709237,0.0,18.1,6.545,99.1,None,666,20.2,396.9,21.08,10.9,1.0951,0
2.321114360892544,0.0,18.1,5.5360000000000005,100.0,None,666,20.2,396.9,23.6,11.3,1.1402,0
2.19638867250955,0.0,18.1,5.52,100.0,None,666,20.2,396.9,12.715432098765431,12.3,1.11655,0
3.04855714447919,0.0,18.1,4.368,91.2,None,666,20.2,285.83,30.63,8.8,1.06975,0
2.879861159011059,0.0,18.1,5.277,98.1,None,666,20.2,396.9,30.81,7.2,1.06305,0
3.234505049740393,0.0,18.1,4.652,100.0,None,666,20.2,396.9,28.28,10.5,1.0836,0
3.1611238231251,0.0,18.1,5.0,89.5,None,666,20.2,396.9,31.99,7.4,1.1092,0
2.7300530205785507,0.0,18.1,4.88,100.0,None,666,20.2,372.92,30.62,10.2,1.14475,0
2.213944025142987,0.0,18.1,5.39,98.9,None,666,20.2,396.9,20.85,11.5,1.21405,0
2.0746990638882306,0.0,18.1,5.712999999999999,97.0,None,666,20.2,394.43,17.11,15.1,1.31325,0
1.83944584984932,0.0,18.1,6.051,82.5,None,666,20.2,378.38,18.76,23.2,1.4339,0
2.5319413057001383,0.0,18.1,5.0360000000000005,97.0,None,666,20.2,396.9,25.68,9.7,1.235,0
1.5286342757527438,0.0,18.1,6.193,92.6,None,666,20.2,396.9,15.17,13.8,1.2421,0
1.5286342757527438,0.0,18.1,5.8870000000000005,94.7,None,666,20.2,396.9,16.35,12.7,1.23755,0
2.2738512004209457,0.0,18.1,6.471,98.8,None,666,20.2,391.98,17.12,13.1,1.20935,0
1.9274624605576969,0.0,18.1,6.405,96.0,None,666,20.2,396.9,19.37,12.5,1.1849,0
2.1601017509676943,0.0,18.1,5.747000000000001,98.9,None,666,20.2,393.1,19.92,8.5,1.1632,0
3.672541717146317,0.0,18.1,5.4529999999999985,100.0,None,666,20.2,396.9,30.59,5.0,1.0913,0
2.390279986333144,0.0,18.1,5.852,77.8,None,666,20.2,338.16,29.97,6.3,1.0967,0
3.2598680448992714,0.0,18.1,5.987,100.0,None,666,20.2,396.9,26.77,5.6,1.1409,0
2.723674175335137,0.0,18.1,6.343,100.0,None,666,20.2,396.9,20.32,7.2,1.13355,0
2.360449202216868,0.0,18.1,6.404,100.0,None,666,20.2,376.11,20.31,12.1,1.166,0
3.250440381229692,0.0,18.1,5.349,96.0,None,666,20.2,396.9,19.77,8.3,1.1979,0
3.75019089883704,0.0,18.1,5.5310000000000015,85.4,None,666,20.2,329.46,27.38,8.5,1.1502,0
4.2329580192534175,0.0,18.1,5.683,100.0,None,666,20.2,384.97,22.98,5.0,1.0592,0
3.0780585258000213,0.0,11.083991769547325,4.138,100.0,None,666,20.2,370.22,23.34,11.9,0.91855,0
2.5611807266231144,0.0,18.1,5.608,100.0,None,666,20.2,332.09,12.715432098765431,27.9,0.9721,0
2.1286946938918567,0.0,18.1,5.617000000000001,97.9,None,666,20.2,314.64,26.4,17.2,1.0258500000000002,0
1.5286342757527438,0.0,18.1,6.852,100.0,None,666,20.2,179.36,19.78,27.5,1.03125,0
3.953851852901807,0.0,18.1,5.7570000000000014,100.0,None,666,20.2,2.6919999999999997,10.11,15.0,1.005,0
2.71142450174116,0.0,18.1,6.657,100.0,None,666,20.2,35.05,21.22,17.2,1.06225,0
2.986237338992189,0.0,18.1,4.628,100.0,None,666,20.2,28.79,34.37,17.9,1.07545,0
3.3896577218278483,0.0,18.1,5.155,100.0,None,666,20.2,210.97,20.08,16.3,1.0932,0
3.844730829794956,0.0,18.1,4.519,100.0,None,666,20.2,88.27,36.98,7.0,1.1756,0
2.9488817271093315,0.0,18.1,6.434,100.0,None,666,20.2,27.25,29.05,7.2,1.25685,0
2.4709936445680034,0.0,18.1,6.782,90.8,None,666,20.2,21.57,25.79,7.5,1.24925,0
3.293634442449129,0.0,18.1,5.3039999999999985,89.1,None,666,20.2,127.36,26.64,10.4,1.16325,0
4.3112567387853336,0.0,18.1,5.9570000000000025,100.0,None,666,20.2,16.45,20.62,8.8,1.2408,0
2.550405647020696,0.0,18.1,6.824,76.5,None,666,20.2,48.45,22.74,8.4,1.256,0
2.492163587735884,0.0,18.1,6.4110000000000005,100.0,None,666,20.2,318.75,15.02,16.7,1.28845,0
2.0822613123870632,0.0,18.1,6.006,95.3,None,666,20.2,319.98,15.7,14.2,1.2963,0
2.56865019322086,0.0,18.1,5.648,87.6,None,666,20.2,291.55,14.1,20.8,1.2826,0
2.085724263982504,0.0,18.1,6.103,68.51851851851852,None,666,20.2,2.6919999999999997,23.29,13.4,1.3178999999999998,0
2.2815779805968397,0.0,18.1,5.565,70.6,None,666,20.2,3.65,17.16,11.7,1.32375,0
2.8249617460097114,0.0,18.1,5.896,95.4,None,666,20.2,7.68,24.39,8.3,1.2943,0
1.5286342757527438,0.0,18.1,5.8370000000000015,59.7,None,666,20.2,24.65,15.69,10.2,1.2908,0
3.654854618977093,11.2119341563786,18.1,6.202000000000001,78.7,None,666,20.2,18.82,14.52,10.9,1.27095,0
2.1243085441136205,0.0,18.1,6.193,78.1,None,666,20.2,96.73,21.52,11.0,1.3073,0
2.3359125132211367,0.0,18.1,6.38,68.51851851851852,None,666,20.2,60.72,24.08,9.5,1.3236,0
1.5286342757527438,0.0,18.1,6.348,86.1,None,666,20.2,83.45,17.64,14.5,1.31835,0
2.4035429310745737,0.0,18.1,6.8329999999999975,94.3,None,666,20.2,81.33,19.69,14.1,1.3361,0
2.007415055576361,0.0,18.1,6.425,74.8,None,666,20.2,97.95,12.03,16.1,1.3922,0
1.8841973460987684,0.0,18.1,6.436,87.9,None,666,20.2,100.19,16.22,14.3,1.5144,0
2.7022601376565687,0.0,18.1,6.2079999999999975,95.0,None,666,20.2,100.63,15.17,11.7,1.4676,0
2.498184770733843,0.0,18.1,6.629,94.6,None,666,20.2,109.85,23.27,13.4,1.43235,0
2.7357172474638767,0.0,18.1,6.461,93.3,None,666,20.2,27.49,18.05,9.6,1.3713000000000002,0
2.783602843502881,0.0,18.1,6.152,100.0,None,666,20.2,9.32,26.45,8.7,1.3271,0
2.6863565870169546,0.0,18.1,5.935,87.9,None,666,20.2,68.95,34.02,8.4,1.2803,0
2.3409044384990745,0.0,18.1,5.627000000000002,93.9,None,666,20.2,396.9,22.88,12.8,1.2786,0
3.1377134906467163,0.0,18.1,5.818,92.4,None,666,20.2,391.45,12.715432098765431,10.5,1.3031,0
2.372501005014648,0.0,18.1,6.4060000000000015,97.2,None,666,20.2,385.96,12.715432098765431,17.1,1.4025500000000002,0
1.8970754838957269,0.0,18.1,6.2189999999999985,100.0,None,666,20.2,395.69,16.59,18.4,1.3723999999999998,0
2.394848818884537,0.0,18.1,6.485,100.0,None,666,20.2,386.73,18.85,15.4,1.3592,0
2.62483524494248,0.0,18.1,5.854,96.6,None,666,20.2,240.52,23.79,10.8,1.3178,0
2.457175676049689,0.0,18.1,6.459,94.8,None,666,20.2,43.06,23.98,11.8,1.36395,0
1.9862387647413884,0.0,18.1,6.341,96.4,None,666,20.2,318.01,17.79,14.9,1.406,0
2.3910400109102796,0.0,18.1,6.251,96.6,None,666,20.2,388.52,16.44,12.6,1.469,0
2.3349641863179325,0.0,18.1,6.185,98.7,None,666,20.2,396.9,18.13,14.1,1.4873,0
2.1431214912252767,0.0,18.1,6.4170000000000025,98.3,None,666,20.2,304.21,19.31,13.0,1.449,0
2.0435189836286223,0.0,18.1,6.749,92.6,None,666,20.2,2.6919999999999997,17.44,13.4,1.5183,0
1.862705543083853,0.0,18.1,6.655,68.51851851851852,None,666,20.2,355.29,17.73,15.2,1.5341,0
1.8066759959463208,0.0,18.1,6.2970000000000015,91.8,None,666,20.2,385.09,17.27,16.1,1.5406,0
2.2244170437165782,0.0,11.083991769547325,7.393,99.3,None,666,20.2,375.87,16.74,17.8,1.58285,0
2.35267251060436,0.0,18.1,6.728,94.1,None,666,20.2,6.68,18.71,14.9,1.60455,0
1.749611943801969,0.0,18.1,6.525,86.5,None,666,20.2,50.92,18.13,14.1,1.5744,0
1.7349827472403851,0.0,18.1,5.976,87.9,None,666,20.2,10.48,19.01,12.7,1.6468,0
2.2192665255461,0.0,18.1,5.936,80.3,None,666,20.2,3.5,16.94,13.5,1.7461,0
2.169308525041816,11.2119341563786,11.083991769547325,6.301,83.7,None,666,20.2,272.21,16.23,14.9,1.74805,0
2.0542737224466707,0.0,18.1,6.081,84.4,None,666,20.2,396.9,14.7,20.0,1.71525,0
1.5286342757527438,0.0,18.1,6.7010000000000005,90.0,None,666,20.2,255.23,16.42,16.4,1.65525,0
1.5460954757023009,0.0,18.1,6.376,88.4,None,666,20.2,391.43,14.65,17.7,1.64005,0
2.035348578369212,0.0,18.1,6.317,83.0,None,666,20.2,396.9,13.99,19.5,1.7237,0
1.9200280793412088,0.0,18.1,6.513,89.9,None,666,20.2,393.82,10.29,20.2,1.7573,0
2.1792099506138976,0.0,18.1,6.209,65.4,None,666,20.2,396.9,13.22,21.4,1.8092,0
1.5286342757527438,0.0,18.1,5.759,48.2,None,666,20.2,334.4,14.13,19.9,1.86075,0
1.5633897854422465,0.0,11.083991769547325,5.952000000000001,84.7,None,666,20.2,22.01,17.15,19.0,1.7632500000000002,0
1.6905163912038152,0.0,18.1,6.002999999999999,94.5,None,666,20.2,331.29,21.32,19.1,1.56215,0
2.807937767457695,0.0,18.1,5.926,71.0,None,666,20.2,368.74,18.13,19.1,1.7442,0
2.6444072787962525,0.0,18.1,5.712999999999999,56.7,None,666,20.2,396.9,14.76,20.1,1.70185,0
1.6768703671037264,0.0,18.1,6.1670000000000025,84.0,None,666,20.2,396.9,16.29,19.9,1.8067,0
1.6170905561197193,0.0,18.1,6.229,90.7,None,666,20.2,395.33,12.87,19.6,1.81565,0
1.5192243229211484,0.0,18.1,6.437,75.0,None,666,20.2,393.37,14.36,23.2,1.73825,0
1.7311049511313974,0.0,18.1,6.98,67.6,None,666,20.2,374.68,12.715432098765431,29.8,1.57345,0
2.2034043321460213,0.0,18.1,5.4270000000000005,95.4,None,666,20.2,352.58,18.14,13.8,1.5069,0
2.000549838013637,0.0,18.1,6.162000000000001,97.4,None,666,20.2,302.76,24.1,13.3,1.395,0
1.7700948094248417,0.0,18.1,6.484,93.6,None,666,20.2,396.21,18.68,16.7,1.45965,0
2.774050153828231,0.0,18.1,5.3039999999999985,97.3,None,666,20.2,349.48,24.91,12.0,1.3573499999999998,0
2.4188558746594317,0.0,18.1,6.185,96.7,None,666,20.2,379.7,18.03,14.6,1.39225,0
2.7300530205785507,0.0,18.1,6.229,88.0,None,666,20.2,383.32,13.11,21.4,1.2826,0
1.9204472756044824,0.0,18.1,6.242000000000001,64.7,None,666,20.2,396.9,10.74,23.0,1.9781,0
1.9033276772324317,0.0,18.1,6.75,74.9,None,666,20.2,393.07,7.74,23.7,1.93185,0
1.9067474913596385,0.0,18.1,7.061,77.0,None,666,20.2,395.28,7.01,25.0,1.9713,0
1.3398262488998969,0.0,18.1,5.7620000000000005,40.3,None,666,20.2,392.92,10.42,21.8,2.31515,0
1.2174525430495582,0.0,18.1,5.871,41.9,None,666,20.2,370.73,13.34,20.6,2.1535,0
1.5419446302865207,0.0,18.1,6.312,51.9,None,666,20.2,388.62,10.58,21.2,2.28735,0
1.9008754243872985,0.0,18.1,6.114,79.8,None,666,20.2,392.68,14.98,19.1,2.06445,0
1.7639890834826135,0.0,18.1,5.905,53.2,None,666,20.2,388.22,11.45,20.6,1.86765,0
0.14050948897951462,0.0,27.74,5.454,92.7,river,711,20.1,395.09,18.06,15.2,1.21495,0
0.16836630025465416,0.0,27.74,5.414,98.3,river,711,20.1,344.05,23.97,7.0,1.1822,0
0.18851897970190706,0.0,27.74,5.093,98.0,river,711,20.1,318.43,29.68,8.1,1.2158,0
0.10051479408986363,0.0,27.74,5.983,98.8,river,711,20.1,390.11,18.07,13.6,1.23855,0
0.10554849798804096,0.0,27.74,5.983,83.5,river,711,20.1,396.9,13.35,20.1,1.35945,0
0.15982881438052338,0.0,9.69,5.7070000000000025,54.0,river,391,19.2,396.9,12.01,21.8,1.48335,0
0.24652408399188344,0.0,9.69,5.926,42.6,river,391,19.2,396.9,13.59,24.5,1.48335,0
0.16465813975505653,0.0,9.69,5.67,28.8,river,391,19.2,393.29,17.6,23.1,1.6918,0
0.25433209277022684,0.0,9.69,5.39,72.9,river,391,19.2,396.9,21.14,19.7,1.6918,0
0.2377404956611781,0.0,9.69,5.794,70.6,river,391,19.2,396.9,14.1,18.3,1.73885,0
0.21440145025736632,0.0,9.69,6.019,65.3,river,391,19.2,396.9,12.92,21.2,1.49705,0
0.16367376242147152,0.0,9.69,5.569,73.5,river,391,19.2,395.77,15.1,17.5,1.49245,0
0.2024345934245116,0.0,9.69,6.027,79.7,river,391,19.2,396.9,14.33,16.8,1.5416,0
0.06074696727310066,0.0,11.93,6.593,69.1,lake,273,21.0,391.99,12.715432098765431,22.4,1.5258,0
0.044275225249907416,0.0,11.93,6.12,76.7,lake,273,21.0,396.9,9.08,20.6,1.43025,0
0.05898563234787085,0.0,11.93,6.976,91.0,lake,273,21.0,396.9,5.64,23.9,1.37025,0
0.10399057772120517,0.0,11.93,6.794,89.3,lake,273,21.0,393.45,6.48,22.0,1.48095,0
0.04632045026850422,0.0,11.93,6.03,68.51851851851852,lake,273,21.0,396.9,7.88,11.9,1.5390000000000001,0
